[
  {
    "model": "personage.nation",
    "pk": 1,
    "fields": {
      "name": "Tri-Kazel",
      "description": "Les Tri-Kazliens constituent la tr\u00e8s grande majorit\u00e9 de la population de la p\u00e9ninsule. La plupart d'entre eux conservent une stature assez robuste h\u00e9rit\u00e9e des Osags mais peuvent aussi avoir des traits d'autres peuples. Les Tri-Kazeliens sont issus de si\u00e8cles de m\u00e9langes entre toutes les cultures ayant un jour ou l'autre foul\u00e9 le sol de la p\u00e9ninsule. De par cette origine, le PJ conna\u00eet un dialecte local ; il faut donc pr\u00e9ciser de quels pays et r\u00e9gion il est originaire (voir carte)",
      "noun": "Tri-Kazelien",
      "plural": "Tri-Kazeliens",
      "feminine": "Tri-Kazelienne",
      "preposition": "de"
    }
  },
  {
    "model": "personage.nation",
    "pk": 2,
    "fields": {
      "name": "Tarish",
      "description": "D'origine inconnue, le peuple tarish forme une minorit\u00e9 nomade qui parcourt depuis des d\u00e9cennies les terres de la p\u00e9ninsule. Il est aussi appel\u00e9 \"peuple de l'ouest\" car la l\u00e9gende veut qu'il soit arriv\u00e9 par l'Oc\u00e9an Furieux. Les Tarishs se distinguent des Tri-Kaz\u00e9liens par des pommettes hautes, le nez plut\u00f4t aquilin et les yeux souvent clairs. Beaucoup d'entre eux deviennent des saltimbanques, des mystiques ou des artisans.\r\nLa culture tarish, m\u00eame si elle est dilu\u00e9e aujourd'hui, conserve encore une base importante : c'est un peuple nomade habitu\u00e9 aux longs p\u00e9riples et leur langue n'a pas disparu, bien qu'aucun \u00e9tranger ne l'ait jamais apprise.",
      "noun": "Tarish",
      "plural": "Tarishs",
      "feminine": "Tarish",
      "preposition": ""
    }
  },
  {
    "model": "personage.nation",
    "pk": 3,
    "fields": {
      "name": "Osag",
      "description": "Habitu\u00e9s \u00e0 ne compter que sur eux-m\u00eames, les Osags forment un peuple rude. G\u00e9n\u00e9ralement dot\u00e9s d'une carrure imposante, ils sont les descendants directs des clans traditionnels de la p\u00e9ninsule. La civilisation p\u00e9ninsulaire a beaucoup \u00e9volu\u00e9 depuis l'av\u00e8nement des Trois Royaumes, mais certains clans sont rest\u00e9s fid\u00e8les aux traditions ancestrales et n'ont pas pris part \u00e0 ces changements. Repli\u00e9s sur leur mode de vie clanique, les Osags ne se sont pas m\u00e9tiss\u00e9s avec les autres peuples et ont gard\u00e9 de nombreuses caract\u00e9ristiques de leurs anc\u00eatres. Les Osags font de grands guerriers et comptent parmi eux les plus c\u00e9l\u00e8bres demorth\u00e8n. Leur langue a elle aussi surv\u00e9cu au passage des si\u00e8cles. Les mots \" feondas \", \" C'maogh \", \" d\u00e0m\u00e0thair \" - pour ne citer qu'eux - viennent tous de ce que les Tri-Kazeliens nomment la langue ancienne mais qui est toujours utilis\u00e9e par les Osags.",
      "noun": "Osag",
      "plural": "Osags",
      "feminine": "Osag",
      "preposition": ""
    }
  },
  {
    "model": "personage.nation",
    "pk": 4,
    "fields": {
      "name": "Continent",
      "description": "Les hommes et les femmes du Continent sont souvent plus minces et plus \u00e9lanc\u00e9s que les natifs de Tri-Kazel. Leur visage aura tendance \u00e0 \u00eatre plus fin mais avec des traits parfois taill\u00e9s \u00e0 la serpe. Un Personnage choisissant ce peuple ne sera pas natif du Continent mais plut\u00f4t le descendant direct d'au moins un parent Continental. Si les origines continentales du Personnage sont davantage dilu\u00e9es, on estime qu'il fait partie du peuple de Tri-Kazel. En fonction du pass\u00e9 de la famille du PJ et de son niveau d'int\u00e9gration dans la soci\u00e9t\u00e9 tri-kazelienne, il pourrait avoir appris leur langue d'origine continentale ou bien un patois de la p\u00e9ninsule, au choix du PJ.",
      "noun": "Continental",
      "plural": "Continentales",
      "feminine": "Continentale",
      "preposition": "du"
    }
  },
  {
    "model": "personage.discipline",
    "pk": 1,
    "fields": {
      "name": "Artefact de combat",
      "description": "magience"
    }
  },
  {
    "model": "personage.discipline",
    "pk": 2,
    "fields": {
      "name": "Armes contondantes",
      "description": ""
    }
  },
  {
    "model": "personage.discipline",
    "pk": 3,
    "fields": {
      "name": "Armes d'hast",
      "description": ""
    }
  },
  {
    "model": "personage.discipline",
    "pk": 4,
    "fields": {
      "name": "Combat \u00e0 main nues",
      "description": "inclut la lutte et l'utilisation de gantelets"
    }
  },
  {
    "model": "personage.discipline",
    "pk": 5,
    "fields": {
      "name": "Combat aveugle",
      "description": ""
    }
  },
  {
    "model": "personage.discipline",
    "pk": 6,
    "fields": {
      "name": "Ep\u00e9es",
      "description": ""
    }
  },
  {
    "model": "personage.discipline",
    "pk": 7,
    "fields": {
      "name": "Haches",
      "description": ""
    }
  },
  {
    "model": "personage.discipline",
    "pk": 8,
    "fields": {
      "name": "Lames courtes",
      "description": ""
    }
  },
  {
    "model": "personage.discipline",
    "pk": 9,
    "fields": {
      "name": "Bijouterie",
      "description": ""
    }
  },
  {
    "model": "personage.discipline",
    "pk": 10,
    "fields": {
      "name": "Confection",
      "description": "couture, tissage, etc..."
    }
  },
  {
    "model": "personage.discipline",
    "pk": 11,
    "fields": {
      "name": "Cuisine",
      "description": ""
    }
  },
  {
    "model": "personage.discipline",
    "pk": 12,
    "fields": {
      "name": "Distillation",
      "description": ""
    }
  },
  {
    "model": "personage.discipline",
    "pk": 13,
    "fields": {
      "name": "Extraction mini\u00e8re",
      "description": "Exploitation de gisements de minerais, extraction etc..."
    }
  },
  {
    "model": "personage.discipline",
    "pk": 14,
    "fields": {
      "name": "Forge",
      "description": ""
    }
  },
  {
    "model": "personage.discipline",
    "pk": 15,
    "fields": {
      "name": "Machinerie magientiste",
      "description": "(magience)"
    }
  },
  {
    "model": "personage.discipline",
    "pk": 16,
    "fields": {
      "name": "Maroquinerie",
      "description": ""
    }
  },
  {
    "model": "personage.discipline",
    "pk": 17,
    "fields": {
      "name": "Menuiserie",
      "description": ""
    }
  },
  {
    "model": "personage.discipline",
    "pk": 18,
    "fields": {
      "name": "Outil magientiste",
      "description": "(magience)"
    }
  },
  {
    "model": "personage.discipline",
    "pk": 19,
    "fields": {
      "name": "Peinture",
      "description": ""
    }
  },
  {
    "model": "personage.discipline",
    "pk": 20,
    "fields": {
      "name": "Poterie",
      "description": ""
    }
  },
  {
    "model": "personage.discipline",
    "pk": 21,
    "fields": {
      "name": "Sculpture",
      "description": ""
    }
  },
  {
    "model": "personage.discipline",
    "pk": 22,
    "fields": {
      "name": "Serrurerie",
      "description": "(inclut le crochetage de serrures)"
    }
  },
  {
    "model": "personage.discipline",
    "pk": 23,
    "fields": {
      "name": "Baratin",
      "description": ""
    }
  },
  {
    "model": "personage.discipline",
    "pk": 24,
    "fields": {
      "name": "Charme",
      "description": ""
    }
  },
  {
    "model": "personage.discipline",
    "pk": 25,
    "fields": {
      "name": "Commandement",
      "description": ""
    }
  },
  {
    "model": "personage.discipline",
    "pk": 26,
    "fields": {
      "name": "Connaissance d'une faction",
      "description": "(pr\u00e9ciser laquelle)."
    }
  },
  {
    "model": "personage.discipline",
    "pk": 27,
    "fields": {
      "name": "Diplomatie",
      "description": ""
    }
  },
  {
    "model": "personage.discipline",
    "pk": 28,
    "fields": {
      "name": "Etiquette",
      "description": "(pr\u00e9ciser le milieu social)"
    }
  },
  {
    "model": "personage.discipline",
    "pk": 29,
    "fields": {
      "name": "Intimidation",
      "description": ""
    }
  },
  {
    "model": "personage.discipline",
    "pk": 30,
    "fields": {
      "name": "Persuasion",
      "description": ""
    }
  },
  {
    "model": "personage.discipline",
    "pk": 31,
    "fields": {
      "name": "Architecture",
      "description": ""
    }
  },
  {
    "model": "personage.discipline",
    "pk": 32,
    "fields": {
      "name": "Botanique",
      "description": ""
    }
  },
  {
    "model": "personage.discipline",
    "pk": 33,
    "fields": {
      "name": "Connaissance des troubles mentaux",
      "description": ""
    }
  },
  {
    "model": "personage.discipline",
    "pk": 34,
    "fields": {
      "name": "G\u00e9ologie",
      "description": ""
    }
  },
  {
    "model": "personage.discipline",
    "pk": 35,
    "fields": {
      "name": "Ing\u00e9nierie",
      "description": "\u00e9tude et supervision de constructions lourdes, ponts, mais aussi des machines de si\u00e8ges."
    }
  },
  {
    "model": "personage.discipline",
    "pk": 36,
    "fields": {
      "name": "M\u00e9canique",
      "description": "R\u00e9paration et cr\u00e9ation de tout ce qui est articul\u00e9, pi\u00e8ges m\u00e9caniques."
    }
  },
  {
    "model": "personage.discipline",
    "pk": 37,
    "fields": {
      "name": "R\u00e9paration d'artefacts",
      "description": "magience"
    }
  },
  {
    "model": "personage.discipline",
    "pk": 38,
    "fields": {
      "name": "Traitement de l'esprit",
      "description": "Cette Discipline peut aider quelqu'un souffrant de troubles psychiques (p. 279)"
    }
  },
  {
    "model": "personage.discipline",
    "pk": 39,
    "fields": {
      "name": "Zoologie",
      "description": ""
    }
  },
  {
    "model": "personage.discipline",
    "pk": 40,
    "fields": {
      "name": "Chant",
      "description": ""
    }
  },
  {
    "model": "personage.discipline",
    "pk": 41,
    "fields": {
      "name": "Com\u00e9die",
      "description": "inclut le d\u00e9guisement"
    }
  },
  {
    "model": "personage.discipline",
    "pk": 42,
    "fields": {
      "name": "Danse",
      "description": ""
    }
  },
  {
    "model": "personage.discipline",
    "pk": 43,
    "fields": {
      "name": "Jeux",
      "description": ""
    }
  },
  {
    "model": "personage.discipline",
    "pk": 44,
    "fields": {
      "name": "Instrument de musique",
      "description": "pr\u00e9ciser lequel"
    }
  },
  {
    "model": "personage.discipline",
    "pk": 45,
    "fields": {
      "name": "Jonglage",
      "description": ""
    }
  },
  {
    "model": "personage.discipline",
    "pk": 46,
    "fields": {
      "name": "Ventriloquie",
      "description": ""
    }
  },
  {
    "model": "personage.discipline",
    "pk": 47,
    "fields": {
      "name": "Attelage",
      "description": ""
    }
  },
  {
    "model": "personage.discipline",
    "pk": 48,
    "fields": {
      "name": "Cartographie",
      "description": ""
    }
  },
  {
    "model": "personage.discipline",
    "pk": 49,
    "fields": {
      "name": "Chemin de traverse",
      "description": "Discipline r\u00e9serv\u00e9e aux varigaux leur permettant de trouver des raccourcis"
    }
  },
  {
    "model": "personage.discipline",
    "pk": 50,
    "fields": {
      "name": "Signes",
      "description": "Discipline r\u00e9serv\u00e9e aux varigaux leur permettant de rep\u00e9rer et comprendre les signes laiss\u00e9s dans la nature par leurs pairs : marque annon\u00e7ant un danger, la pr\u00e9sence de feondas, un point d'eau proche etc.)"
    }
  },
  {
    "model": "personage.discipline",
    "pk": 51,
    "fields": {
      "name": "Equitation",
      "description": ""
    }
  },
  {
    "model": "personage.discipline",
    "pk": 52,
    "fields": {
      "name": "Navigation",
      "description": ""
    }
  },
  {
    "model": "personage.discipline",
    "pk": 53,
    "fields": {
      "name": "Orientation",
      "description": ""
    }
  },
  {
    "model": "personage.discipline",
    "pk": 54,
    "fields": {
      "name": "Agriculture",
      "description": ""
    }
  },
  {
    "model": "personage.discipline",
    "pk": 55,
    "fields": {
      "name": "Dressage d'animaux",
      "description": ""
    }
  },
  {
    "model": "personage.discipline",
    "pk": 56,
    "fields": {
      "name": "Faune et flore",
      "description": ""
    }
  },
  {
    "model": "personage.discipline",
    "pk": 57,
    "fields": {
      "name": "Herboristerie",
      "description": ""
    }
  },
  {
    "model": "personage.discipline",
    "pk": 58,
    "fields": {
      "name": "Pistage",
      "description": ""
    }
  },
  {
    "model": "personage.discipline",
    "pk": 59,
    "fields": {
      "name": "Premiers soins",
      "description": ""
    }
  },
  {
    "model": "personage.discipline",
    "pk": 60,
    "fields": {
      "name": "Survie",
      "description": "inclut les techniques de chasse, dont la conception de pi\u00e8ges naturels"
    }
  },
  {
    "model": "personage.discipline",
    "pk": 61,
    "fields": {
      "name": "Arbal\u00e8tes",
      "description": ""
    }
  },
  {
    "model": "personage.discipline",
    "pk": 62,
    "fields": {
      "name": "Arcs",
      "description": ""
    }
  },
  {
    "model": "personage.discipline",
    "pk": 63,
    "fields": {
      "name": "Armes de jet",
      "description": ""
    }
  },
  {
    "model": "personage.discipline",
    "pk": 64,
    "fields": {
      "name": "Acrobatie",
      "description": "inclut le saut et l'\u00e9quilibrisme"
    }
  },
  {
    "model": "personage.discipline",
    "pk": 65,
    "fields": {
      "name": "Course",
      "description": ""
    }
  },
  {
    "model": "personage.discipline",
    "pk": 66,
    "fields": {
      "name": "Endurance",
      "description": ""
    }
  },
  {
    "model": "personage.discipline",
    "pk": 67,
    "fields": {
      "name": "Escalade",
      "description": ""
    }
  },
  {
    "model": "personage.discipline",
    "pk": 68,
    "fields": {
      "name": "Evasion",
      "description": ""
    }
  },
  {
    "model": "personage.discipline",
    "pk": 69,
    "fields": {
      "name": "Natation",
      "description": ""
    }
  },
  {
    "model": "personage.discipline",
    "pk": 70,
    "fields": {
      "name": "Astronomie",
      "description": ""
    }
  },
  {
    "model": "personage.discipline",
    "pk": 71,
    "fields": {
      "name": "Doctrine du Temple",
      "description": "id\u00e9ologie du Temple, les six Ordonnances et les six ordres"
    }
  },
  {
    "model": "personage.discipline",
    "pk": 72,
    "fields": {
      "name": "G\u00e9ographie",
      "description": "Connaissance en orientation et savoir lire une carte"
    }
  },
  {
    "model": "personage.discipline",
    "pk": 73,
    "fields": {
      "name": "H\u00e9raldique",
      "description": "connaissance des blasons et des insignes militaires, familiaux, politiques"
    }
  },
  {
    "model": "personage.discipline",
    "pk": 74,
    "fields": {
      "name": "Histoire",
      "description": ""
    }
  },
  {
    "model": "personage.discipline",
    "pk": 75,
    "fields": {
      "name": "Langues",
      "description": "dont la langue ancienne p\u00e9ninsulaire"
    }
  },
  {
    "model": "personage.discipline",
    "pk": 76,
    "fields": {
      "name": "Politique",
      "description": ""
    }
  },
  {
    "model": "personage.discipline",
    "pk": 77,
    "fields": {
      "name": "Principes magientiste",
      "description": "th\u00e9orie de la magience, conception et id\u00e9es magientistes"
    }
  },
  {
    "model": "personage.discipline",
    "pk": 78,
    "fields": {
      "name": "Tradition demorth\u00e8n",
      "description": "connaissance des rites et croyances ancestrales demorth\u00e8n"
    }
  },
  {
    "model": "personage.discipline",
    "pk": 79,
    "fields": {
      "name": "Savoir demorth\u00e8n",
      "description": "connaissance des c\u00e9r\u00e9monies ancestrales, des r\u00e9unions demorth\u00e8n, des mythes fondateurs et des lieux charg\u00e9s de pouvoir."
    }
  },
  {
    "model": "personage.discipline",
    "pk": 80,
    "fields": {
      "name": "Concentration",
      "description": "Demorth\u00e8n\r\npermet de mettre en oeuvre ou maintenir un Art ancestral demorth\u00e8n malgr\u00e9 les perturbations ext\u00e9rieures.\r\nTemple\r\npermet d'invoquer un miracle m\u00eame en \u00e9tant soumis \u00e0 des perturbations"
    }
  },
  {
    "model": "personage.discipline",
    "pk": 81,
    "fields": {
      "name": "M\u00e9ditation",
      "description": "r\u00e9cuperer du Rindath et des traumatismes"
    }
  },
  {
    "model": "personage.discipline",
    "pk": 82,
    "fields": {
      "name": "Langue ancienne",
      "description": ""
    }
  },
  {
    "model": "personage.discipline",
    "pk": 83,
    "fields": {
      "name": "M\u00e9decine traditionnelle",
      "description": ""
    }
  },
  {
    "model": "personage.discipline",
    "pk": 84,
    "fields": {
      "name": "Sigil Rann",
      "description": ""
    }
  },
  {
    "model": "personage.discipline",
    "pk": 85,
    "fields": {
      "name": "Spiritualit\u00e9",
      "description": "cette Discipline peut aider quelqu'un souffrant de troubles psychiques (p. 279)"
    }
  },
  {
    "model": "personage.discipline",
    "pk": 86,
    "fields": {
      "name": "Esoterisme",
      "description": "connaissance des \u00e9crits \u00e9sot\u00e9riques, des techniques de spiritisme."
    }
  },
  {
    "model": "personage.discipline",
    "pk": 87,
    "fields": {
      "name": "Hypnose",
      "description": ""
    }
  },
  {
    "model": "personage.discipline",
    "pk": 88,
    "fields": {
      "name": "Interpr\u00e9tation des r\u00eaves",
      "description": ""
    }
  },
  {
    "model": "personage.discipline",
    "pk": 89,
    "fields": {
      "name": "Ph\u00e9nom\u00e8nes Mentaux",
      "description": ""
    }
  },
  {
    "model": "personage.discipline",
    "pk": 90,
    "fields": {
      "name": "Evaluation",
      "description": "estimer la valeur d'un objet, mais \u00e9galement juger l'\u00e9tat d'un b\u00e2timent etc."
    }
  },
  {
    "model": "personage.discipline",
    "pk": 91,
    "fields": {
      "name": "Observation",
      "description": "permet de remarquer les choses anormales, de mener des fouilles efficaces."
    }
  },
  {
    "model": "personage.discipline",
    "pk": 92,
    "fields": {
      "name": "Lecture sur les l\u00e8vres",
      "description": ""
    }
  },
  {
    "model": "personage.discipline",
    "pk": 93,
    "fields": {
      "name": "Sens aiguis\u00e9s",
      "description": "permet notamment de diminuer les malus en cas d'aveuglement"
    }
  },
  {
    "model": "personage.discipline",
    "pk": 94,
    "fields": {
      "name": "Vigilance",
      "description": ""
    }
  },
  {
    "model": "personage.discipline",
    "pk": 95,
    "fields": {
      "name": "Camouflage",
      "description": "dissimuler un abri, un objet sur soi ou dans un contenant, se cacher dans l'ombre."
    }
  },
  {
    "model": "personage.discipline",
    "pk": 96,
    "fields": {
      "name": "Furtivit\u00e9",
      "description": "\u00e9voluer en silence et filature."
    }
  },
  {
    "model": "personage.discipline",
    "pk": 97,
    "fields": {
      "name": "Mim\u00e9tisme",
      "description": "inclut le d\u00e9guisement et l'imitation gestuelle."
    }
  },
  {
    "model": "personage.discipline",
    "pk": 98,
    "fields": {
      "name": "Vol \u00e0 la tire",
      "description": ""
    }
  },
  {
    "model": "personage.discipline",
    "pk": 99,
    "fields": {
      "name": "Connaissance des Flux",
      "description": "savoir o\u00f9 trouver du Flux, les diff\u00e9rents types de Flux et leurs propri\u00e9t\u00e9s."
    }
  },
  {
    "model": "personage.discipline",
    "pk": 100,
    "fields": {
      "name": "Extraction de Flux",
      "description": "p 262"
    }
  },
  {
    "model": "personage.discipline",
    "pk": 101,
    "fields": {
      "name": "Raffinage de Flux",
      "description": "p 264"
    }
  },
  {
    "model": "personage.discipline",
    "pk": 102,
    "fields": {
      "name": "Utilisation des artefacts",
      "description": "cette Discipline permet de se servir indiff\u00e9remment de tous les artefacts, armes, outils etc.. voir p265)"
    }
  },
  {
    "model": "personage.discipline",
    "pk": 103,
    "fields": {
      "name": "M\u00e9decine",
      "description": ""
    }
  },
  {
    "model": "personage.discipline",
    "pk": 104,
    "fields": {
      "name": "Connaissance du Temple",
      "description": ""
    }
  },
  {
    "model": "personage.discipline",
    "pk": 105,
    "fields": {
      "name": "Miracles",
      "description": ""
    }
  },
  {
    "model": "personage.discipline",
    "pk": 106,
    "fields": {
      "name": "Recueillement",
      "description": ""
    }
  },
  {
    "model": "personage.domain",
    "pk": 1,
    "fields": {
      "name": "Combat au contact",
      "description": "Ce Domaine rassemble toutes les techniques de combat au corps \u00e0 corps.\r\n- Ma\u00eetriser une Discipline permet de manier toutes les armes contenues dans celle-ci. Par exemple, la Discipline Armes contondantes permet de se battre avec un b\u00e2ton, un marteau, un fl\u00e9au, etc.\r\n- \u00c0 partir du niveau 10 dans une Discipline (Expert), le Personnage doit choisir une seule arme avec laquelle il excelle. Il est possible de devenir expert dans plusieurs armes d'une m\u00eame Discipline en utilisant les points d'exp\u00e9rience n\u00e9cessaires.\r\n- Avoir un score de 5 en Combat au contact permet d'acc\u00e9der aux Arts de combat (p. 238).\r\n- Pour acc\u00e9der \u00e0 la Discipline Artefact de combat, il est n\u00e9cessaire d'avoir au moins 1 niveau en Magience. Cette Discipline permet l'apprentissage d'un artefact pouvant \u00eatre utilis\u00e9 au corps \u00e0 corps. (Cf. \" Artefacts et disciplines associ\u00e9es \", p.265).",
      "way": "Co",
      "disciplines": [
        2,
        3,
        1,
        4,
        5,
        6,
        7,
        8
      ]
    }
  },
  {
    "model": "personage.domain",
    "pk": 2,
    "fields": {
      "name": "Artisanat",
      "description": "Le Domaine de l'Artisanat rassemble la connaissance des techniques traditionnelles et le savoir-faire dans les travaux manuels. Il concerne \u00e9galement les diff\u00e9rents arts plastiques.\r\n- La Discipline Outil magientiste permet d'utiliser un artefact, un appareil ou un outil fonctionnant au Flux. La Discipline Machinerie magientiste concerne les plus gros des artefacts. Dans tous les cas, pour pouvoir acc\u00e9der \u00e0 ces Disciplines li\u00e9es \u00e0 la magience, l'utilisateur devra \u00e9galement avoir un niveau minimal de 1 dans le Domaine Magience. (Cf. \" Artefacts et disciplines associ\u00e9es \", p.265).",
      "way": "Cr",
      "disciplines": [
        9,
        10,
        11,
        12,
        13,
        14,
        15,
        16,
        17,
        18,
        19,
        20,
        21,
        22
      ]
    }
  },
  {
    "model": "personage.domain",
    "pk": 3,
    "fields": {
      "name": "Relation",
      "description": "Ce Domaine regroupe des connaissances et des techniques rh\u00e9toriques. Il concerne \u00e9galement les mani\u00e8res ayant trait \u00e0 la vie en soci\u00e9t\u00e9 et l'\u00e9ducation.",
      "way": "Em",
      "disciplines": [
        23,
        24,
        25,
        26,
        27,
        28,
        29,
        30
      ]
    }
  },
  {
    "model": "personage.domain",
    "pk": 4,
    "fields": {
      "name": "Science",
      "description": "Ce Domaine rassemble des connaissances et des proc\u00e9d\u00e9s pointus, qui sont pour la plupart traditionnels.\r\n- La connaissance de la magience est un Domaine particulier et ne fait pas partie de celui-ci. Un Personnage ayant un bon score en Sciences mais 0 en Magience n'aura donc aucune connaissance des principes magientistes et ne pourra apprendre les Disciplines Artefact de combat, R\u00e9paration d'artefacts, Outil magientiste ou Machinerie magientiste. Voir le paragraphe \"Artefacts et disciplines associ\u00e9es\", p.265.",
      "way": "Ra",
      "disciplines": [
        31,
        1,
        32,
        33,
        34,
        35,
        15,
        36,
        37,
        38,
        39
      ]
    }
  },
  {
    "model": "personage.domain",
    "pk": 5,
    "fields": {
      "name": "Repr\u00e9sentation",
      "description": "Pratique et connaissance des arts de la sc\u00e8ne. Ce Domaine contient \u00e9galement tout ce qui a trait aux diff\u00e9rents types de jeux et \u00e0 la f\u00eate. La Repr\u00e9sentation est le Domaine de pr\u00e9dilection des bardes.",
      "way": "Cr",
      "disciplines": [
        40,
        41,
        42,
        44,
        43,
        45,
        46
      ]
    }
  },
  {
    "model": "personage.domain",
    "pk": 6,
    "fields": {
      "name": "Voyage",
      "description": "Domaine rassemblant les diff\u00e9rentes connaissances et techniques utiles au voyage et \u00e0 la vie en ext\u00e9rieur. Certaines Disciplines sont r\u00e9serv\u00e9es aux varigaux ou \u00e0 ceux qui ont eu la chance d'apprendre de leurs connaissances.",
      "way": "Em",
      "disciplines": [
        47,
        48,
        49,
        51,
        52,
        53,
        50
      ]
    }
  },
  {
    "model": "personage.domain",
    "pk": 7,
    "fields": {
      "name": "Milieu Naturel",
      "description": "Ce Domaine repr\u00e9sente l'aptitude du Personnage \u00e0 \u00e9voluer en pleine nature ainsi que ses connaissances du milieu rural. Un Personnage comp\u00e9tent dans ce domaine aura notamment des bases en agriculture, en connaissance animali\u00e8re, en bivouac, etc.",
      "way": "Em",
      "disciplines": [
        54,
        55,
        56,
        57,
        53,
        58,
        59,
        60
      ]
    }
  },
  {
    "model": "personage.domain",
    "pk": 8,
    "fields": {
      "name": "Tir et Lancer",
      "description": "Comp\u00e9tence servant au combat \u00e0 distance, mais aussi \u00e0 lancer un grappin par exemple.\r\n- Avoir un niveau de 1 en Magience est requis pour apprendre Artefact de combat.",
      "way": "Co",
      "disciplines": [
        61,
        62,
        63,
        1
      ]
    }
  },
  {
    "model": "personage.domain",
    "pk": 9,
    "fields": {
      "name": "Prouesses",
      "description": "Cette comp\u00e9tence permet de se d\u00e9passer physiquement, d'accomplir des actions physiques exceptionnelles. On estime qu'un Personnage ayant un score de 2 en Prouesses conna\u00eet les bases de la natation.",
      "way": "Co",
      "disciplines": [
        64,
        65,
        66,
        67,
        68,
        69
      ]
    }
  },
  {
    "model": "personage.domain",
    "pk": 10,
    "fields": {
      "name": "Erudition",
      "description": "L'\u00c9rudition concerne la culture g\u00e9n\u00e9rale.\r\n- Avoir un niveau de 0 en \u00c9rudition signifie qu'un Personnage est compl\u00e8tement analphab\u00e8te. G\u00e9n\u00e9ralement, un niveau de 1 signifie qu'il peut seulement d\u00e9chiffrer avec peine quelques mots jusqu'au niveau de 5 o\u00f9 l'on estime qu'il sait lire et \u00e9crire avec aisance. Selon l'enfance du Personnage, il est possible qu'il soit tr\u00e8s \u00e9rudit, mais n'ait jamais eu acc\u00e8s \u00e0 l'apprentissage de la lecture et de l'\u00e9criture.\r\n- Ce Domaine inclut \u00e9galement tous les savoirs qui ne sont pas abord\u00e9s par les autres Domaines. Acqu\u00e9rir la Discipline Principes magientistes ne permet pas d'utiliser les artefacts, mais donne des connaissances th\u00e9oriques sur cette science.",
      "way": "Ra",
      "disciplines": [
        70,
        71,
        72,
        73,
        57,
        74,
        75,
        76,
        77,
        78
      ]
    }
  },
  {
    "model": "personage.domain",
    "pk": 11,
    "fields": {
      "name": "Myst\u00e8res Demorth\u00e8n",
      "description": "En dehors des demorth\u00e8n, seuls les ionnth\u00e8n (leurs apprentis) ou des alli\u00e9s de longue date peuvent avoir acc\u00e8s \u00e0 ce Domaine. Celui-ci donne notamment acc\u00e8s aux techniques et savoirs permettant d'utiliser la Sigil Rann, l'un des Arts ancestraux demorth\u00e8n (p. 245).",
      "way": "Em",
      "disciplines": [
        80,
        57,
        82,
        83,
        81,
        79,
        84,
        85
      ]
    }
  },
  {
    "model": "personage.domain",
    "pk": 12,
    "fields": {
      "name": "Occultisme",
      "description": "L'occultisme est une discipline continentale peu connue en Tri-Kazel, tr\u00e8s marginale en Reizh et pratiquement inexistante ailleurs.\r\n- Ce Domaine rassemble tout un corpus de croyances et de th\u00e9ories parfois fantaisistes sur la magie et les cr\u00e9atures fantasmagoriques. Il concerne \u00e9galement l'\u00e9tude de la sant\u00e9 mentale ainsi que le traitement de ces troubles via l'hypnose. Le MJ ne devrait autoriser un PJ \u00e0 prendre des niveaux dans ce Domaine que si cela se justifie dans son histoire : apprentissage de la Discipline dans une universit\u00e9, mentor sp\u00e9cialis\u00e9 dans ce domaine, etc.\r\n- Si le PJ n'a aucun niveau en Occultisme, il ne pourra pas l'utiliser en cours de jeu. Pour acc\u00e9der aux Disciplines li\u00e9es \u00e0 la magience dans l'Occultisme, il est n\u00e9cessaire d'avoir \u00e9galement un niveau dans le domaine Magience.",
      "way": "Ra",
      "disciplines": [
        1,
        86,
        87,
        88,
        18,
        89
      ]
    }
  },
  {
    "model": "personage.domain",
    "pk": 13,
    "fields": {
      "name": "Perception",
      "description": "Regroupement des comp\u00e9tences li\u00e9es \u00e0 l'observation, au fait de remarquer les d\u00e9tails, d'\u00eatre vigilant.",
      "way": "Ra",
      "disciplines": [
        90,
        92,
        91,
        53,
        93,
        94
      ]
    }
  },
  {
    "model": "personage.domain",
    "pk": 14,
    "fields": {
      "name": "Discr\u00e9tion",
      "description": "Domaine de la furtivit\u00e9 et du camouflage, permettant d'\u00e9chapper \u00e0 la d\u00e9tection et demeurer dissimul\u00e9. La plupart des Disciplines d\u00e9coulant de ce Domaine sont utilisables seulement par des Personnages sans armure, ou portant une armure l\u00e9g\u00e8re (en cuir l\u00e9ger ou tress\u00e9e).",
      "way": "Em",
      "disciplines": [
        95,
        96,
        97,
        98
      ]
    }
  },
  {
    "model": "personage.domain",
    "pk": 15,
    "fields": {
      "name": "Magience",
      "description": "Ce Domaine regroupe les connaissances et les savoir-faire li\u00e9s \u00e0 cette science continentale. Il faut normalement suivre l'enseignement des universit\u00e9s magientistes pour avoir acc\u00e8s aux Disciplines de ce Domaine. Certaines Disciplines se traduisent par l'obtention d'un dipl\u00f4me qui permet au Personnage d'exercer. Dans tous les cas, obtenir un niveau dans le Domaine Magience doit se justifier (mentor, \u00e9tude, ressources biblioth\u00e9caires importantes, etc.). Par exemple, les ouvriers travaillant dans les laboratoires magientistes et certains artisans bricoleurs peuvent acqu\u00e9rir des niveaux dans ce Domaine. Plus d'informations sont donn\u00e9es sur ce Domaine et ses Disciplines pages 265-266.",
      "way": "Ra",
      "disciplines": [
        99,
        100,
        103,
        101,
        37,
        102
      ]
    }
  },
  {
    "model": "personage.domain",
    "pk": 16,
    "fields": {
      "name": "Pri\u00e8re",
      "description": "Cette comp\u00e9tence rassemble les connaissances et les rites de la religion du Temple.\r\n- Seuls les religieux membres de l'un des six ordres peuvent acc\u00e9der aux Disciplines et eux seuls se voient \u00e9galement initi\u00e9s aux Miracles du Dieu Unique (p. 256).",
      "way": "Id",
      "disciplines": [
        80,
        104,
        105,
        106,
        85
      ]
    }
  },
  {
    "model": "personage.profession",
    "pk": 2,
    "fields": {
      "name": "Artisan",
      "description": "Artisan Quel que soit son domaine, l'artisan est un manuel qualifi\u00e9. Forgeron, cuisinier, architecte, cordonnier, b\u00fbcheron, sculpteur, joaillier ; les artisans couvrent un grand nombre de sp\u00e9cialit\u00e9s. Dans les cit\u00e9s o\u00f9 est implant\u00e9e la magience, on trouve aussi des r\u00e9parateurs d'artefacts et des ouvriers sp\u00e9cialis\u00e9s travaillant dans les usines.",
      "primary_domain": 2,
      "secondary_domain": [
        3,
        4
      ]
    }
  },
  {
    "model": "personage.profession",
    "pk": 3,
    "fields": {
      "name": "Barde",
      "description": "Le statut de barde est hautement honorifique et les plus puissants monarques s'entourent de ces artistes qui ont de v\u00e9ritables r\u00f4les d'\u00e9minence grise. Artiste, acrobate, musicien, bouffon, le barde peut rev\u00eatir diff\u00e9rents r\u00f4les. Il peut \u00e9galement \u00eatre connu sous d'autres nom, comme les po\u00e8tes aveugles filidh ou les \u00e9tranges c\u00e9illi de l'archipel des Tri-Swesz\u00f6rs.",
      "primary_domain": 5,
      "secondary_domain": [
        3,
        6
      ]
    }
  },
  {
    "model": "personage.profession",
    "pk": 4,
    "fields": {
      "name": "Chasseur",
      "description": "Il nourrit la communaut\u00e9 du produit de ses longues exp\u00e9ditions, qui durent parfois plusieurs jours. L'expansion des villes a vu l'apparition de chasseurs d'un genre nouveau comme les ratiers. D'autres, comme les Enfants de Neven, d\u00e9dient leur existence \u00e0 la traque de feondas.",
      "primary_domain": 7,
      "secondary_domain": [
        1,
        8
      ]
    }
  },
  {
    "model": "personage.profession",
    "pk": 5,
    "fields": {
      "name": "Chevalier",
      "description": "Ces hommes et ces femmes font partie de la noblesse et appartiennent le plus souvent \u00e0 un ordre de chevalerie comme les Hilderins ou les Ronces.\r\nCertains sont des chevaliers errants, derniers h\u00e9ritiers d'une famille noble, d'autres les vassaux d'un puissant seigneur.",
      "primary_domain": 1,
      "secondary_domain": [
        3,
        6
      ]
    }
  },
  {
    "model": "personage.profession",
    "pk": 6,
    "fields": {
      "name": "Combattant",
      "description": "Il peut \u00eatre soldat ou mercenaire, champion de justice, bagarreur de tavernes ou d\u00e9trousseur des rues sombres, etc. Les archers peuvent prendre Tir et Lancer en Domaine Primaire",
      "primary_domain": 1,
      "secondary_domain": [
        9,
        8
      ]
    }
  },
  {
    "model": "personage.profession",
    "pk": 7,
    "fields": {
      "name": "Commer\u00e7ant",
      "description": "Marchand ambulant ou tenancier d'une \u00e9choppe bien achaland\u00e9e, le commer\u00e7ant peut n\u00e9gocier bien des marchandises.",
      "primary_domain": 2,
      "secondary_domain": [
        2,
        10
      ]
    }
  },
  {
    "model": "personage.profession",
    "pk": 8,
    "fields": {
      "name": "Demorth\u00e8n",
      "description": "Repr\u00e9sentant de la nature, il peut entrer en contact avec les esprits et leur demander d'accomplir des t\u00e2ches particuli\u00e8res. Il est le gardien des anciennes traditions p\u00e9ninsulaires et il est souvent consid\u00e9r\u00e9 avec respect. Les apprentis demorth\u00e8n sont appel\u00e9s ionnth\u00e8n.",
      "primary_domain": 11,
      "secondary_domain": [
        10,
        7
      ]
    }
  },
  {
    "model": "personage.profession",
    "pk": 9,
    "fields": {
      "name": "Erudit",
      "description": "Passionn\u00e9s par le savoir, les recherches, les \u00e9rudits sont souvent employ\u00e9s comme scribes, professeur ou biblioth\u00e9caires. G\u00e9n\u00e9ralement, un \u00e9rudit poss\u00e8de un domaine de connaissance de pr\u00e9dilection : th\u00e9ologie, magience, science, etc.",
      "primary_domain": 10,
      "secondary_domain": [
        12,
        4
      ]
    }
  },
  {
    "model": "personage.profession",
    "pk": 10,
    "fields": {
      "name": "Espion",
      "description": "N'importe qui, qu'il soit un conseiller haut plac\u00e9 ou un simple mendiant, peut jouer un double r\u00f4le, amassant des informations pour le compte d'un commanditaire. Le Domaine Secondaire peut \u00eatre librement choisi pour coller \u00e0 la fausse identit\u00e9 de l'espion.",
      "primary_domain": 13,
      "secondary_domain": [
        2,
        1,
        14,
        10,
        15,
        7,
        11,
        12,
        16,
        9,
        3,
        5,
        4,
        8,
        6
      ]
    }
  },
  {
    "model": "personage.profession",
    "pk": 11,
    "fields": {
      "name": "Explorateur",
      "description": "Aventurier et casse-cou, l'explorateur est passionn\u00e9 par le voyage, fuyant souvent la pauvret\u00e9 ou la monotonie de son lieu de naissance.",
      "primary_domain": 9,
      "secondary_domain": [
        7,
        6
      ]
    }
  },
  {
    "model": "personage.profession",
    "pk": 12,
    "fields": {
      "name": "Investigateur",
      "description": "Habitant g\u00e9n\u00e9ralement dans les grandes villes, les investigateurs proposent leurs services pour mener l'enqu\u00eate. Chaque investigateur a son style : certains sont vers\u00e9s dans l'occultisme, d'autres dans la science, la magience, ou encore la m\u00e9decine. De ce fait, le choix du Domaine Secondaire et libre.",
      "primary_domain": 13,
      "secondary_domain": [
        2,
        1,
        14,
        10,
        15,
        7,
        11,
        12,
        16,
        9,
        3,
        5,
        4,
        8,
        6
      ]
    }
  },
  {
    "model": "personage.profession",
    "pk": 13,
    "fields": {
      "name": "Magientiste",
      "description": "En Tri-Kazel, on les nomme souvent par le terme d\u00e9daigneux de \" daedemorthys \". Malgr\u00e9 cette mauvaise r\u00e9putation, leur science a pour but g\u00e9n\u00e9ral l'am\u00e9lioration des conditions de vie de l'humanit\u00e9. Un magientiste dipl\u00f4m\u00e9 est un scient\u00f6r alors qu'un \u00e9l\u00e8ve en cours de formation est un inceptus.",
      "primary_domain": 15,
      "secondary_domain": [
        10,
        4
      ]
    }
  },
  {
    "model": "personage.profession",
    "pk": 14,
    "fields": {
      "name": "Malandrin",
      "description": "Voleur, cambrioleur, tire-laine ; les moyens ill\u00e9gaux pour gagner sa vie sont assez nombreux pour attirer du monde, et ce malgr\u00e9 les risques...",
      "primary_domain": 14,
      "secondary_domain": [
        9,
        5
      ]
    }
  },
  {
    "model": "personage.profession",
    "pk": 15,
    "fields": {
      "name": "M\u00e9decin",
      "description": "Il est des endroits o\u00f9 le demorth\u00e8n local n'est pas le meilleur gu\u00e9risseur. De nouvelles techniques tout \u00e0 fait efficaces proviennent d\u00e9sormais des universit\u00e9s des grandes villes. Certains m\u00e9decins, les ali\u00e9nistes, s'attachent \u00e0 soigner les troubles psychiques, en se r\u00e9f\u00e9rant aux travaux du professeur continental Ernst Zigger, d'autres, comme les apothicaires, sont sp\u00e9cialis\u00e9s dans l'herboristerie.",
      "primary_domain": 4,
      "secondary_domain": [
        10,
        3
      ]
    }
  },
  {
    "model": "personage.profession",
    "pk": 16,
    "fields": {
      "name": "Occultiste",
      "description": "Passionn\u00e9s d'\u00e9sot\u00e9risme, les occultistes sont souvent des universitaires ayant un grand int\u00e9r\u00eat pour ce domaine d\u00e9nigr\u00e9 par les autres branches de la science.",
      "primary_domain": 12,
      "secondary_domain": [
        10,
        4
      ]
    }
  },
  {
    "model": "personage.profession",
    "pk": 17,
    "fields": {
      "name": "Paysan",
      "description": "Qu'il cultive la terre ou \u00e9l\u00e8ve des animaux, il participe \u00e0 la vie de la communaut\u00e9 en la nourrissant.",
      "primary_domain": 7,
      "secondary_domain": [
        2,
        9
      ]
    }
  },
  {
    "model": "personage.profession",
    "pk": 18,
    "fields": {
      "name": "Religieux du Temple",
      "description": "Simple adepte (fid\u00e8le en formation) ou membre de l'un des six ordres du\r\nTemple, ces personnes pr\u00eachent en faveur de l'av\u00e8nement du Cr\u00e9ateur.\r\nLe Domaine Secondaire d\u00e9pend de l'ordre auquel appartient le religieux ; Artisanat\r\n(moines), \u00c9rudition (pr\u00eatres, moines et clercs), Relation (pr\u00eatres et vecteurs), Combat au\r\ncontact (sigires et lames) ou Voyage (vecteur).",
      "primary_domain": 16,
      "secondary_domain": [
        2,
        1,
        10,
        3,
        6
      ]
    }
  },
  {
    "model": "personage.profession",
    "pk": 19,
    "fields": {
      "name": "Varigal",
      "description": "Voyageur, messager, porteur de nouvelles mais aussi de colis, le varigal est un lien entre les communaut\u00e9s \u00e9parses de Tri-Kazel. Passant l'essentiel de sa vie sur les chemins, il est g\u00e9n\u00e9ralement bien accueilli quand il arrive dans un village. Proches de la nature, les varigaux sont souvent les alli\u00e9s des demorth\u00e8n.",
      "primary_domain": 6,
      "secondary_domain": [
        7,
        9
      ]
    }
  }
]